node,gu,dong,commercial,location,business,population,incidence,poverty
1101053,Jongno,Sajik,Y,N,1678,9599,90429,115
1101054,Jongno,Samcheong,Y,N,436,2763,90429,40
1101055,Jongno,Buam,Y,N,427,9884,90429,150
1101056,Jongno,Pyeongchang,Y,N,556,18256,90429,154
1101057,Jongno,Muwak,Y,N,184,8314,90429,216
1101058,Jongno,Gyonam,Y,N,245,10277,90429,241
1101060,Jongno,Gahoe,Y,N,444,4226,90429,76
1101061,Jongno,Jongno1_2_3_4Ga,Y,N,5277,8581,90429,847
1101063,Jongno,Jongno5_6Ga,Y,N,2462,5650,90429,322
1101064,Jongno,Ihwa,Y,N,564,7816,90429,307
1101067,Jongno,Changsin1,Y,N,861,5659,90429,467
1101068,Jongno,Changsin2,Y,N,382,9117,90429,557
1101069,Jongno,Changsin3,Y,N,153,6815,90429,254
1101070,Jongno,Sungin1,Y,N,279,6184,90429,324
1101071,Jongno,Sungin2,Y,N,723,10287,90429,506
1101072,Jongno,Cheongunhyoja,Y,N,717,12209,90429,230
1101073,Jongno,Hyehwa,Y,N,894,19362,90429,380
1102052,Jung,Sogong,Y,N,1429,3319,81400,45
1102054,Jung,Hoihyun,Y,N,4408,5470,81400,437
1102055,Jung,Myeong,Y,N,2522,3688,81400,77
1102057,Jung,Pil,Y,N,968,4750,81400,110
1102058,Jung,Jangchung,Y,N,300,5365,81400,153
1102059,Jung,Gwanghui,Y,N,3162,6479,81400,241
1102060,Jung,Euljiro,Y,N,2166,1931,81400,170
1102065,Jung,Sindang5,Y,N,649,10696,81400,545
1102067,Jung,Hwanghak,Y,N,854,13478,81400,552
1102068,Jung,Jungnim,Y,N,433,12497,81400,682
1102069,Jung,Sindang,Y,N,5883,9124,81400,488
1102070,Jung,Dasan,Y,N,765,14318,81400,532
1102071,Jung,Yaksu,Y,N,502,16951,81400,988
1102072,Jung,Cheonggu,Y,N,503,13850,81400,782
1102073,Jung,Donghwa,Y,N,481,10486,81400,231
1103051,Yongsan,Huam,N,N,533,17441,138503,895
1103052,Yongsan,Yongsan2Ga,N,N,285,10793,138503,611
1103053,Yongsan,Namyeong,N,N,716,7831,138503,1360
1103057,Yongsan,Wonhyo2,N,N,449,14000,138503,459
1103058,Yongsan,Hyochang,N,N,240,10457,138503,168
1103059,Yongsan,Yongmun,N,N,344,12035,138503,448
1103063,Yongsan,Ichon1,N,N,645,27100,138503,62
1103064,Yongsan,Ichon2,N,N,207,8425,138503,196
1103065,Yongsan,Itaewon1,N,N,746,8279,138503,239
1103066,Yongsan,Itaewon2,N,N,457,10609,138503,307
1103069,Yongsan,Seobinggo,N,N,256,13790,138503,359
1103070,Yongsan,Bogwang,N,N,419,14766,138503,1106
1103071,Yongsan,Cheongpa,N,N,820,20135,138503,1189
1103072,Yongsan,Wonhyo1,N,N,675,17027,138503,432
1103073,Yongsan,Hangangno,N,N,1833,22798,138503,436
1103074,Yongsan,Hannam,N,N,1304,22919,138503,566
1104052,Seongdong,Wangsimni2,N,N,1212,16974,191048,577
1104054,Seongdong,Majang,N,N,4037,23052,191048,854
1104055,Seongdong,Sageun,N,N,1273,13700,191048,250
1104056,Seongdong,Haengdang1,N,N,1565,14184,191048,391
1104057,Seongdong,Haengdang2,N,N,956,23558,191048,895
1104058,Seongdong,Eungbong,N,N,648,15461,191048,239
1104059,Seongdong,Geumho1Ga,N,N,942,15416,191048,720
1104062,Seongdong,Geumho4Ga,N,N,1016,14507,191048,460
1104065,Seongdong,Seongsu1Ga1,N,N,2955,16691,191048,521
1104066,Seongdong,Seongsu1Ga2,N,N,4989,12978,191048,227
1104067,Seongdong,Seongsu2Ga1,N,N,3443,16380,191048,796
1104068,Seongdong,Seongsu2Ga3,N,N,8635,10987,191048,207
1104069,Seongdong,Songjeong,N,N,967,10841,191048,730
1104070,Seongdong,Yongdap,N,N,2480,12614,191048,873
1104071,Seongdong,WangsimniDoseon,N,N,3308,27134,191048,968
1104072,Seongdong,Geumho2_3Ga,N,N,1500,22972,191048,771
1104073,Seongdong,Oksu,N,N,1380,26355,191048,545
1105053,Gwangjin,Hwayang,N,N,3048,26219,231242,693
1105054,Gwangjin,Gunja,N,N,2473,21642,231242,954
1105055,Gwangjin,Junggok1,N,N,2149,15905,231242,973
1105056,Gwangjin,Junggok2,N,N,2302,21787,231242,987
1105057,Gwangjin,Junggok3,N,N,1745,16479,231242,1234
1105058,Gwangjin,Junggok4,N,N,1806,29058,231242,1601
1105059,Gwangjin,Neung,N,N,1170,11698,231242,409
1105060,Gwangjin,Guui1,N,N,2645,22963,231242,990
1105061,Gwangjin,Guui2,N,N,1930,27008,231242,1182
1105062,Gwangjin,Guui3,N,N,3490,28973,231242,534
1105063,Gwangjin,Gwangjang,N,N,2156,34938,231242,255
1105064,Gwangjin,Jayang1,N,N,2207,23184,231242,1332
1105065,Gwangjin,Jayang2,N,N,2141,25066,231242,907
1105066,Gwangjin,Jayang3,N,N,1913,28382,231242,390
1105067,Gwangjin,Jayang4,N,N,2150,21361,231242,1005
1106071,Dongdaemun,Hoegi,N,N,1348,12975,224284,353
1106072,Dongdaemun,Hwigyeong1,N,N,1357,15935,224284,360
1106073,Dongdaemun,Hwigyeong2,N,N,1737,24835,224284,659
1106080,Dongdaemun,Cheongnyangni,N,N,1887,19602,224284,1828
1106081,Dongdaemun,Yongsin,N,N,6889,33931,224284,1682
1106082,Dongdaemun,Jegi,N,N,5243,26693,224284,1601
1106083,Dongdaemun,Jeonnong1,N,N,2971,29880,224284,1836
1106084,Dongdaemun,Jeonnong2,N,N,1317,18985,224284,795
1106086,Dongdaemun,Dapsimni2,N,N,2851,28712,224284,1348
1106087,Dongdaemun,Jangan1,N,N,6530,38919,224284,1668
1106088,Dongdaemun,Jangan2,N,N,3859,32938,224284,1382
1106089,Dongdaemun,Imun1,N,N,1631,21147,224284,766
1106090,Dongdaemun,Imun2,N,N,1037,20516,224284,1015
1106091,Dongdaemun,Dapsimni1,N,N,3834,29138,224284,855
1107052,Jungnang,Myeonmok2,N,N,2505,24608,246591,1748
1107054,Jungnang,Myeonmok4,N,N,2689,19108,246591,1794
1107055,Jungnang,Myeonmok5,N,N,1222,14798,246591,789
1107057,Jungnang,Myeonmok7,N,N,1942,22194,246591,1148
1107059,Jungnang,Sangbong1,N,N,2024,24272,246591,1716
1107060,Jungnang,Sangbong2,N,N,3487,20491,246591,1100
1107061,Jungnang,Junghwa1,N,N,1595,19826,246591,1108
1107062,Jungnang,Junghwa2,N,N,2574,25438,246591,2569
1107064,Jungnang,Muk1,N,N,2341,34856,246591,1244
1107065,Jungnang,Muk2,N,N,2368,19081,246591,1131
1107068,Jungnang,Mangu3,N,N,1510,16836,246591,1980
1107069,Jungnang,Sinnae1,N,N,3435,38895,246591,2283
1107070,Jungnang,Sinnae2,N,N,1536,20662,246591,1446
1107071,Jungnang,Myeonmokbon,N,N,3373,34489,246591,2651
1107072,Jungnang,Myeonmok3_8,N,N,2869,25255,246591,1979
1107073,Jungnang,Mangubon,N,N,4850,33053,246591,2776
1108058,Seongbuk,Donam1,N,N,710,14881,284602,629
1108059,Seongbuk,Donam2,N,N,970,24085,284602,367
1108060,Seongbuk,Anam,N,N,1948,16742,284602,458
1108061,Seongbuk,Bomun,N,N,1865,16200,284602,527
1108062,Seongbuk,Jeongneung1,N,N,1281,18501,284602,453
1108063,Seongbuk,Jeongneung2,N,N,1482,23305,284602,810
1108064,Seongbuk,Jeongneung3,N,N,1014,16541,284602,784
1108065,Seongbuk,Jeongneung4,N,N,1571,25409,284602,874
1108066,Seongbuk,Gireum1,N,N,1683,35728,284602,642
1108068,Seongbuk,Gireum2,N,N,1700,18558,284602,573
1108071,Seongbuk,Wolgok1,N,N,1879,26601,284602,1018
1108072,Seongbuk,Wolgok2,N,N,2148,20010,284602,780
1108076,Seongbuk,Jangwi1,N,N,1649,23014,284602,2020
1108077,Seongbuk,Jangwi2,N,N,1510,13894,284602,1153
1108078,Seongbuk,Jangwi3,N,N,862,16402,284602,557
1108081,Seongbuk,Seongbuk,N,N,1792,17106,284602,462
1108082,Seongbuk,Samseon,N,N,2524,23534,284602,926
1108083,Seongbuk,Dongseon,N,N,2622,16077,284602,467
1108084,Seongbuk,Jongam,N,N,2876,40596,284602,1438
1108085,Seongbuk,Seokgwan,N,N,3076,35876,284602,1882
1109060,Gangbuk,Beon1,N,N,2453,18912,181638,1276
1109061,Gangbuk,Beon2,N,N,912,15958,181638,1937
1109062,Gangbuk,Beon3,N,N,1153,16986,181638,2894
1109063,Gangbuk,Suyu1,N,N,1953,20939,181638,1573
1109064,Gangbuk,Suyu2,N,N,1840,21357,181638,1433
1109065,Gangbuk,Suyu3,N,N,3168,23693,181638,1788
1109069,Gangbuk,Samyang,N,N,1546,23878,181638,1788
1109070,Gangbuk,Mia,N,N,2297,22135,181638,1370
1109071,Gangbuk,Songjung,N,N,2965,30293,181638,1578
1109072,Gangbuk,Songcheon,N,N,2573,26890,181638,1932
1109073,Gangbuk,Samgaksan,N,N,1444,31509,181638,1382
1109074,Gangbuk,Ui,N,N,1582,20720,181638,1303
1109075,Gangbuk,Insu,N,N,2228,30675,181638,2344
1110051,Dobong,Ssangmun1,N,N,1406,21706,197151,1265
1110052,Dobong,Ssangmun2,N,N,1674,18910,197151,1146
1110053,Dobong,Ssangmun3,N,N,1332,16875,197151,985
1110054,Dobong,Ssangmun4,N,N,946,18763,197151,383
1110055,Dobong,Banghak1,N,N,2976,28853,197151,1907
1110056,Dobong,Banghak2,N,N,1563,19898,197151,2663
1110057,Dobong,Banghak3,N,N,1512,27194,197151,441
1110059,Dobong,Chang1,N,N,2145,24910,197151,640
1110060,Dobong,Chang2,N,N,1990,29402,197151,1346
1110061,Dobong,Chang3,N,N,1235,13986,197151,1159
1110062,Dobong,Chang4,N,N,1860,26663,197151,358
1110063,Dobong,Chang5,N,N,2542,24787,197151,642
1110064,Dobong,Dobong1,N,N,2034,21214,197151,1771
1110065,Dobong,Dobong2,N,N,1978,27080,197151,1163
1111051,Nowon,Wolgye1,N,N,1808,22302,339385,841
1111052,Nowon,Wolgye2,N,N,1404,26795,339385,3027
1111053,Nowon,Wolgye3,N,N,1519,30081,339385,2121
1111056,Nowon,Gongneung2,N,N,2777,41301,339385,1047
1111058,Nowon,Hagye1,N,N,1587,27328,339385,2822
1111059,Nowon,Hagye2,N,N,792,22133,339385,1226
1111060,Nowon,JunggyeBon,N,N,1699,24143,339385,606
1111061,Nowon,Junggye1,N,N,1469,27004,339385,774
1111064,Nowon,Junggye4,N,N,1454,20109,339385,1822
1111065,Nowon,Sanggye1,N,N,4050,38445,339385,1995
1111066,Nowon,Sanggye2,N,N,3346,20155,339385,1071
1111069,Nowon,Sanggye5,N,N,2719,24204,339385,2112
1111072,Nowon,Sanggye8,N,N,815,22635,339385,337
1111073,Nowon,Sanggye9,N,N,1035,20607,339385,571
1111074,Nowon,Sanggye10,N,N,809,18280,339385,428
1111076,Nowon,Sanggye3_4,N,N,1967,26259,339385,2534
1111077,Nowon,Sanggye6_7,N,N,2784,32820,339385,1023
1111078,Nowon,Junggye2_3,N,N,2047,34470,339385,4853
1111079,Nowon,Gongneung1,N,N,3937,37595,339385,2558
1112051,Eunpyeong,Nokbeon,N,N,2838,37288,308515,1794
1112052,Eunpyeong,Bulkwang1,N,N,2393,39021,308515,1891
1112055,Eunpyeong,Galhyeon1,N,N,1765,20875,308515,1354
1112056,Eunpyeong,Galhyeon2,N,N,2311,28654,308515,1571
1112057,Eunpyeong,Gusan,N,N,2077,32494,308515,1640
1112058,Eunpyeong,Daejo,N,N,3364,27215,308515,1700
1112059,Eunpyeong,Eungam1,N,N,2690,32610,308515,1272
1112060,Eunpyeong,Eungam2,N,N,1400,27966,308515,1117
1112065,Eunpyeong,Sinsa1,N,N,2002,27330,308515,1141
1112066,Eunpyeong,Sinsa2,N,N,2220,20257,308515,1150
1112067,Eunpyeong,Jeungsan,N,N,1401,16389,308515,734
1112068,Eunpyeong,Susaek,N,N,836,12407,308515,580
1112071,Eunpyeong,Jingwan,N,N,3236,56101,308515,1672
1112072,Eunpyeong,Bulkwang2,N,N,1875,27939,308515,2246
1112073,Eunpyeong,Eungam3,N,N,2410,24834,308515,1982
1112074,Eunpyeong,Yeokchon,N,N,3612,45892,308515,2472
1113052,Seodaemun,Cheonyeon,N,N,1133,17480,204488,776
1113062,Seodaemun,Hongje1,N,N,1575,24402,204488,836
1113064,Seodaemun,Hongje3,N,N,1427,16450,204488,837
1113065,Seodaemun,Hongje2,N,N,803,13856,204488,637
1113066,Seodaemun,Hongeun1,N,N,1475,23008,204488,759
1113068,Seodaemun,Hongeun2,N,N,2046,27485,204488,1277
1113069,Seodaemun,Namgajwa1,N,N,963,16217,204488,319
1113070,Seodaemun,Namgajwa2,N,N,2033,30770,204488,1391
1113071,Seodaemun,Bukgajwa1,N,N,1564,18161,204488,541
1113072,Seodaemun,Bukgajwa2,N,N,2976,32028,204488,1590
1113073,Seodaemun,Chunghyeon,N,N,2865,20768,204488,760
1113074,Seodaemun,Bukahyeon,N,N,1195,16356,204488,595
1113075,Seodaemun,Sinchon,N,N,5125,24318,204488,435
1113076,Seodaemun,Yeonhui,N,N,3247,38089,204488,890
1114059,Mapo,Yonggang,N,N,3991,22027,251057,445
1114060,Mapo,Daehyeong,N,N,1938,15963,251057,466
1114061,Mapo,Yeomni,N,N,1037,16051,251057,431
1114063,Mapo,Sinsu,N,N,2258,23037,251057,411
1114066,Mapo,Seogyo,N,N,12734,26735,251057,427
1114068,Mapo,Hapjeong,N,N,3916,17763,251057,505
1114069,Mapo,Mangwon1,N,N,3051,20407,251057,686
1114070,Mapo,Mangwon2,N,N,1984,18810,251057,505
1114071,Mapo,Yeonnam,N,N,3112,16061,251057,276
1114072,Mapo,Seongsan1,N,N,2479,19335,251057,596
1114073,Mapo,Seongsan2,N,N,3483,40026,251057,2285
1114074,Mapo,Sangam,N,N,3848,31436,251057,1308
1114075,Mapo,Dohwa,N,N,3036,21502,251057,502
1114076,Mapo,Seogang,N,N,2679,25521,251057,361
1114077,Mapo,Gongdeok,N,N,3617,38006,251057,1140
1114078,Mapo,Ahyeon,N,N,2353,26030,251057,561
1115051,Yangcheon,Mok1,N,S,3879,31049,291695,386
1115052,Yangcheon,Mok2,N,S,1997,30162,291695,1076
1115053,Yangcheon,Mok3,N,S,1910,22113,291695,1109
1115054,Yangcheon,Mok4,N,S,2029,25584,291695,1034
1115057,Yangcheon,Sinwol1,N,S,2163,20761,291695,1842
1115058,Yangcheon,Sinwol2,N,S,1575,20969,291695,758
1115059,Yangcheon,Sinwol3,N,S,1387,15424,291695,1491
1115060,Yangcheon,Sinwol4,N,S,1561,18066,291695,443
1115061,Yangcheon,Sinwol5,N,S,1298,14800,291695,750
1115062,Yangcheon,Sinwol6,N,S,2067,13853,291695,338
1115063,Yangcheon,Sinwol7,N,S,1659,19922,291695,1040
1115064,Yangcheon,Sinjeong1,N,S,1526,20508,291695,266
1115065,Yangcheon,Sinjeong2,N,S,1558,19602,291695,699
1115066,Yangcheon,Sinjeong3,N,S,3383,49118,291695,2484
1115069,Yangcheon,Sinjeong6,N,S,1016,24581,291695,66
1115070,Yangcheon,Sinjeong7,N,S,1898,29275,291695,1846
1115071,Yangcheon,Mok5,N,S,2291,41444,291695,46
1115072,Yangcheon,Sinjeong4,N,S,4577,33530,291695,1794
1116051,Gangseo,Yeomchang,N,S,3239,41803,388630,240
1116052,Gangseo,Deungchon1,N,S,2792,24588,388630,267
1116053,Gangseo,Deungchon2,N,S,1219,20498,388630,450
1116054,Gangseo,Deungchon3,N,S,3373,30800,388630,5326
1116055,Gangseo,Hwagokbon,N,S,2046,34571,388630,2012
1116057,Gangseo,Hwagok2,N,S,1285,18203,388630,995
1116058,Gangseo,Hwagok3,N,S,1769,21734,388630,677
1116059,Gangseo,Hwagok4,N,S,1880,20916,388630,1273
1116061,Gangseo,Hwagok6,N,S,2404,25177,388630,1041
1116063,Gangseo,Hwagok8,N,S,1731,24959,388630,1144
1116064,Gangseo,Gayang1,N,S,10343,34431,388630,319
1116065,Gangseo,Gayang2,N,S,859,14200,388630,3482
1116066,Gangseo,Gayang3,N,S,1154,15133,388630,2283
1116067,Gangseo,Balsan1,N,S,7088,36779,388630,1700
1116069,Gangseo,Gonghang,N,S,2792,30012,388630,1802
1116070,Gangseo,Banghwa1,N,S,3796,43527,388630,1356
1116071,Gangseo,Banghwa2,N,S,3952,23490,388630,1728
1116072,Gangseo,Banghwa3,N,S,1267,23015,388630,2353
1116073,Gangseo,Hwagok1,N,S,4125,52932,388630,2063
1116074,Gangseo,Ujangsan,N,S,2546,43333,388630,699
1117051,Guro,Sindorim,N,S,3761,36325,269311,205
1117052,Guro,Guro1,N,S,1192,21245,269311,115
1117054,Guro,Guro3,N,S,10727,25311,269311,542
1117055,Guro,Guro4,N,S,2439,23943,269311,1048
1117056,Guro,Guro5,N,S,5737,31967,269311,571
1117061,Guro,Gocheok1,N,S,3228,23947,269311,699
1117062,Guro,Gocheok2,N,S,2285,27167,269311,1364
1117064,Guro,Gaebong2,N,S,1754,31399,269311,881
1117065,Guro,Gaebong3,N,S,1408,20708,269311,711
1117067,Guro,Oryu1,N,S,1752,23214,269311,1154
1117068,Guro,Oryu2,N,S,2413,39103,269311,1917
1117069,Guro,Sugung,N,S,1782,23812,269311,1052
1117070,Guro,Garibong,N,S,1170,13336,269311,663
1117071,Guro,Guro2,N,S,9562,31436,269311,1152
1117072,Guro,Gaebong1,N,S,2515,34635,269311,1651
1118051,Geumcheon,Gasan,N,S,25533,26240,151392,824
1118052,Geumcheon,Doksan1,N,S,5691,46154,151392,1798
1118053,Geumcheon,Doksan2,N,S,1549,20134,151392,1424
1118054,Geumcheon,Doksan3,N,S,2583,27790,151392,1241
1118055,Geumcheon,Doksan4,N,S,1366,16891,151392,939
1118057,Geumcheon,Siheung1,N,S,4219,34789,151392,1688
1118058,Geumcheon,Siheung2,N,S,1072,21425,151392,1317
1118059,Geumcheon,Siheung3,N,S,3779,10979,151392,396
1118060,Geumcheon,Siheung4,N,S,1162,21017,151392,1457
1118061,Geumcheon,Siheung5,N,S,1484,19762,151392,1868
1119054,Yeongdeungpo,Yeoui,N,S,17274,33602,271843,130
1119055,Yeongdeungpo,Dangsan1,N,S,6009,20862,271843,609
1119056,Yeongdeungpo,Dangsan2,N,S,4354,37675,271843,280
1119061,Yeongdeungpo,Yangpyeong1,N,S,4744,18298,271843,318
1119062,Yeongdeungpo,Yangpyeong2,N,S,3544,22562,271843,280
1119063,Yeongdeungpo,Singil1,N,S,1429,19468,271843,1033
1119065,Yeongdeungpo,Singil3,N,S,1230,17647,271843,800
1119066,Yeongdeungpo,Singil4,N,S,590,13026,271843,812
1119067,Yeongdeungpo,Singil5,N,S,735,11803,271843,576
1119068,Yeongdeungpo,Singil6,N,S,1714,19511,271843,594
1119069,Yeongdeungpo,Singil7,N,S,1006,20184,271843,294
1119070,Yeongdeungpo,Daerim1,N,S,1399,17108,271843,622
1119071,Yeongdeungpo,Daerim2,N,S,2092,18487,271843,528
1119072,Yeongdeungpo,Daerim3,N,S,3423,26018,271843,945
1119073,Yeongdeungpo,YeongdeungpoBon,N,S,1723,23219,271843,1023
1119074,Yeongdeungpo,Yeongdeungpo,N,S,14996,29704,271843,1550
1119075,Yeongdeungpo,Dorim,N,S,1613,20030,271843,873
1119076,Yeongdeungpo,Mullae,N,S,7595,32917,271843,263
1120052,Dongjak,Noryangjin2,N,S,1956,12099,265135,910
1120053,Dongjak,Sangdo1,N,S,2616,46164,265135,1317
1120054,Dongjak,Sangdo2,N,S,1733,28169,265135,515
1120055,Dongjak,Sangdo3,N,S,1503,24906,265135,1161
1120056,Dongjak,Sangdo4,N,S,1565,28928,265135,1407
1120063,Dongjak,Sadang1,N,S,2455,23321,265135,755
1120065,Dongjak,Sadang3,N,S,1418,24660,265135,586
1120066,Dongjak,Sadang4,N,S,948,14362,265135,578
1120067,Dongjak,Sadang5,N,S,834,14601,265135,421
1120068,Dongjak,Daebang,N,S,2377,38189,265135,1486
1120069,Dongjak,Sindabang1,N,S,1434,25313,265135,654
1120070,Dongjak,Sindabang2,N,S,1852,21438,265135,584
1120071,Dongjak,Heukseok,N,S,1943,32844,265135,703
1120072,Dongjak,Noryangjin1,N,S,2279,32266,265135,1230
1120073,Dongjak,Sadang2,N,S,2207,28197,265135,671
1121052,Gwanak,Boramae,N,S,1943,24952,336497,1141
1121054,Gwanak,Cheongnim,N,S,745,15310,336497,606
1121057,Gwanak,Haengun,N,S,2043,29616,336497,1077
1121058,Gwanak,Nakseongdae,N,S,1980,17647,336497,454
1121061,Gwanak,Jungang,N,S,1659,15643,336497,608
1121062,Gwanak,Inheon,N,S,1557,26258,336497,747
1121063,Gwanak,Namhyeon,N,S,1472,18345,336497,365
1121064,Gwanak,Seowon,N,S,1825,23451,336497,939
1121065,Gwanak,Sinwon,N,S,1165,18862,336497,1132
1121066,Gwanak,Seorim,N,S,1560,24153,336497,1299
1121068,Gwanak,Sinsa,N,S,1892,24994,336497,1203
1121069,Gwanak,Sillim,N,S,2198,23224,336497,891
1121071,Gwanak,Nanhyang,N,S,744,15462,336497,661
1121072,Gwanak,Jowon,N,S,2634,19503,336497,745
1121073,Gwanak,Daehak,N,S,2035,25376,336497,1466
1121078,Gwanak,Euncheon,N,S,2348,33794,336497,1651
1121079,Gwanak,Seonghyeon,N,S,1357,29565,336497,1616
1121080,Gwanak,Cheongryong,N,S,2717,36646,336497,1118
1121081,Gwanak,Nanggok,N,S,1441,27316,336497,2225
1121082,Gwanak,Samseong,N,S,1330,22206,336497,1550
1121083,Gwanak,Miseong,N,S,2169,31168,336497,1417
1122051,Seocho,Seocho1,N,S,5415,20840,262553,359
1122052,Seocho,Seocho2,N,S,8575,25086,262553,184
1122053,Seocho,Seocho3,N,S,11983,32485,262553,380
1122054,Seocho,Seocho4,N,S,4216,31109,262553,70
1122055,Seocho,Jamwon,N,S,3368,27290,262553,266
1122056,Seocho,Banpobon,N,S,248,4761,262553,0
1122057,Seocho,Banpo1,N,S,2551,33963,262553,470
1122058,Seocho,Banpo2,N,S,508,15928,262553,7
1122059,Seocho,Banpo3,N,S,1376,22477,262553,42
1122060,Seocho,Banpo4,N,S,4134,19757,262553,119
1122061,Seocho,Bangbaebon,N,S,2400,21051,262553,338
1122062,Seocho,Bangbae1,N,S,2535,17081,262553,338
1122063,Seocho,Bangbae2,N,S,2720,19477,262553,484
1122064,Seocho,Bangbae3,N,S,1926,19208,262553,107
1122065,Seocho,Bangbae4,N,S,3244,23761,262553,351
1122066,Seocho,Yangjae1,N,S,5541,43660,262553,2408
1122067,Seocho,Yangjae2,N,S,7752,22206,262553,793
1122068,Seocho,Naegok,N,S,1483,17741,262553,807
1123051,Gangnam,Sinsa,Y,S,5836,16334,342082,259
1123052,Gangnam,Nonhyeon1,Y,S,8251,22839,342082,898
1123053,Gangnam,Nonhyeon2,Y,S,8651,21381,342082,502
1123058,Gangnam,Samseong1,Y,S,7562,13158,342082,152
1123059,Gangnam,Samseong2,Y,S,6245,30707,342082,520
1123060,Gangnam,Daechi1,Y,S,1380,24322,342082,16
1123063,Gangnam,Daechi4,Y,S,5840,20105,342082,605
1123064,Gangnam,Yeoksam1,Y,S,21199,36306,342082,1093
1123065,Gangnam,Yeoksam2,Y,S,5921,36979,342082,540
1123066,Gangnam,Dogok1,Y,S,2535,21680,342082,155
1123067,Gangnam,Dogok2,Y,S,2827,33383,342082,83
1123068,Gangnam,Gaepo1,Y,S,259,6694,342082,158
1123071,Gangnam,Gaepo4,Y,S,2844,23425,342082,739
1123072,Gangnam,Irwonbon,Y,S,737,23417,342082,113
1123073,Gangnam,Irwon1,Y,S,2227,15343,342082,1743
1123074,Gangnam,Irwon2,Y,S,802,17647,342082,1344
1123075,Gangnam,Suseo,Y,S,2144,14857,342082,3438
1123076,Gangnam,Segok,Y,S,2620,43751,342082,2469
1123077,Gangnam,Apgujeong,Y,S,5961,26596,342082,134
1123078,Gangnam,Cheongdam,Y,S,6669,26222,342082,225
1123079,Gangnam,Daechi2,Y,S,5958,37171,342082,146
1123080,Gangnam,Gaepo2,Y,S,1336,26425,342082,194
1124051,Songpa,Pungnap1,N,S,898,13649,440448,519
1124052,Songpa,Pungnap2,N,S,1794,25027,440448,542
1124053,Songpa,Geoyeo1,N,S,1249,12649,440448,562
1124054,Songpa,Geoyeo2,N,S,1359,20627,440448,922
1124055,Songpa,Macheon1,N,S,1447,19199,440448,1669
1124056,Songpa,Macheon2,N,S,1793,18912,440448,1456
1124057,Songpa,Bangi1,N,S,2025,15841,440448,325
1124058,Songpa,Bangi2,N,S,5101,26681,440448,906
1124059,Songpa,Oryun,N,S,771,18126,440448,12
1124060,Songpa,Ogeum,N,S,3539,38786,440448,1706
1124061,Songpa,Songpa1,N,S,3496,24458,440448,590
1124062,Songpa,Songpa2,N,S,1285,19677,440448,330
1124063,Songpa,Seokchon,N,S,3916,32312,440448,1040
1124064,Songpa,Samjeon,N,S,2829,30815,440448,1233
1124065,Songpa,Garakbon,N,S,4874,26591,440448,641
1124066,Songpa,Garak1,N,S,3731,27587,440448,136
1124067,Songpa,Garak2,N,S,3314,32427,440448,561
1124068,Songpa,Munjeong1,N,S,1932,20327,440448,417
1124069,Songpa,Munjeong2,N,S,13609,29153,440448,97
1124071,Songpa,Jamsilbon,N,S,4307,28630,440448,1011
1124075,Songpa,Jamsil4,N,S,626,21466,440448,30
1124077,Songpa,Jamsil6,N,S,3598,16995,440448,36
1124078,Songpa,Jamsil7,N,S,338,9631,440448,13
1124079,Songpa,Jamsil2,N,S,1228,35412,440448,39
1124080,Songpa,Jamsil3,N,S,2087,34705,440448,60
1124081,Songpa,Jangji,N,S,1983,29722,440448,1748
1124082,Songpa,Wirye,N,S,1609,38062,440448,1167
1125051,Gangdong,Gangil,N,S,1618,35778,307845,2374
1125052,Gangdong,Sangil,N,S,2404,33345,307845,1324
1125053,Gangdong,Myeongil1,N,S,2680,25986,307845,404
1125054,Gangdong,Myeongil2,N,S,1515,17483,307845,179
1125055,Gangdong,Godeok1,N,S,1161,24813,307845,377
1125056,Gangdong,Godeok2,N,S,1312,22554,307845,565
1125058,Gangdong,Amsa2,N,S,1248,15276,307845,152
1125059,Gangdong,Amsa3,N,S,1335,17949,307845,133
1125061,Gangdong,Cheonho1,N,S,2438,27129,307845,1713
1125063,Gangdong,Cheonho3,N,S,2570,26921,307845,1439
1125065,Gangdong,Seongnae1,N,S,3089,20099,307845,356
1125066,Gangdong,Seongnae2,N,S,2537,24194,307845,975
1125067,Gangdong,Seongnae3,N,S,3315,23370,307845,745
1125070,Gangdong,Dunchon1,N,S,23,160,307845,1
1125071,Gangdong,Dunchon2,N,S,2080,25158,307845,549
1125072,Gangdong,Amsa1,N,S,2709,34927,307845,2021
1125073,Gangdong,Cheonho2,N,S,4736,34276,307845,2038
1125074,Gangdong,Gil,N,S,6509,46072,307845,1682